--
-- PostgreSQL database dump
--

-- Dumped from database version 12.9 (Ubuntu 12.9-2.pgdg20.04+1)
-- Dumped by pg_dump version 12.9 (Ubuntu 12.9-2.pgdg20.04+1)

SET statement_timeout = 0;
SET lock_timeout = 0;
SET idle_in_transaction_session_timeout = 0;
SET client_encoding = 'UTF8';
SET standard_conforming_strings = on;
SELECT pg_catalog.set_config('search_path', '', false);
SET check_function_bodies = false;
SET xmloption = content;
SET client_min_messages = warning;
SET row_security = off;

DROP DATABASE universe;
--
-- Name: universe; Type: DATABASE; Schema: -; Owner: freecodecamp
--

CREATE DATABASE universe WITH TEMPLATE = template0 ENCODING = 'UTF8' LC_COLLATE = 'C.UTF-8' LC_CTYPE = 'C.UTF-8';


ALTER DATABASE universe OWNER TO freecodecamp;

\connect universe

SET statement_timeout = 0;
SET lock_timeout = 0;
SET idle_in_transaction_session_timeout = 0;
SET client_encoding = 'UTF8';
SET standard_conforming_strings = on;
SELECT pg_catalog.set_config('search_path', '', false);
SET check_function_bodies = false;
SET xmloption = content;
SET client_min_messages = warning;
SET row_security = off;

SET default_tablespace = '';

SET default_table_access_method = heap;

--
-- Name: galaxy; Type: TABLE; Schema: public; Owner: freecodecamp
--

CREATE TABLE public.galaxy (
    galaxy_id integer NOT NULL,
    name character varying(50) NOT NULL,
    description text,
    galaxy_types_id integer NOT NULL,
    is_spherical boolean NOT NULL,
    age_in_millions_of_years integer
);


ALTER TABLE public.galaxy OWNER TO freecodecamp;

--
-- Name: galaxy_galaxy_id_seq; Type: SEQUENCE; Schema: public; Owner: freecodecamp
--

CREATE SEQUENCE public.galaxy_galaxy_id_seq
    AS integer
    START WITH 1
    INCREMENT BY 1
    NO MINVALUE
    NO MAXVALUE
    CACHE 1;


ALTER TABLE public.galaxy_galaxy_id_seq OWNER TO freecodecamp;

--
-- Name: galaxy_galaxy_id_seq; Type: SEQUENCE OWNED BY; Schema: public; Owner: freecodecamp
--

ALTER SEQUENCE public.galaxy_galaxy_id_seq OWNED BY public.galaxy.galaxy_id;


--
-- Name: galaxy_types; Type: TABLE; Schema: public; Owner: freecodecamp
--

CREATE TABLE public.galaxy_types (
    galaxy_types_id integer NOT NULL,
    name character varying(50) NOT NULL,
    description text
);


ALTER TABLE public.galaxy_types OWNER TO freecodecamp;

--
-- Name: galaxy_types_galaxy_type_id_seq; Type: SEQUENCE; Schema: public; Owner: freecodecamp
--

CREATE SEQUENCE public.galaxy_types_galaxy_type_id_seq
    AS integer
    START WITH 1
    INCREMENT BY 1
    NO MINVALUE
    NO MAXVALUE
    CACHE 1;


ALTER TABLE public.galaxy_types_galaxy_type_id_seq OWNER TO freecodecamp;

--
-- Name: galaxy_types_galaxy_type_id_seq; Type: SEQUENCE OWNED BY; Schema: public; Owner: freecodecamp
--

ALTER SEQUENCE public.galaxy_types_galaxy_type_id_seq OWNED BY public.galaxy_types.galaxy_types_id;


--
-- Name: moon; Type: TABLE; Schema: public; Owner: freecodecamp
--

CREATE TABLE public.moon (
    moon_id integer NOT NULL,
    name character varying(50) NOT NULL,
    age_in_millions_of_years integer,
    planet_id integer NOT NULL,
    distance_from_planet numeric
);


ALTER TABLE public.moon OWNER TO freecodecamp;

--
-- Name: moon_moon_id_seq; Type: SEQUENCE; Schema: public; Owner: freecodecamp
--

CREATE SEQUENCE public.moon_moon_id_seq
    AS integer
    START WITH 1
    INCREMENT BY 1
    NO MINVALUE
    NO MAXVALUE
    CACHE 1;


ALTER TABLE public.moon_moon_id_seq OWNER TO freecodecamp;

--
-- Name: moon_moon_id_seq; Type: SEQUENCE OWNED BY; Schema: public; Owner: freecodecamp
--

ALTER SEQUENCE public.moon_moon_id_seq OWNED BY public.moon.moon_id;


--
-- Name: planet; Type: TABLE; Schema: public; Owner: freecodecamp
--

CREATE TABLE public.planet (
    planet_id integer NOT NULL,
    name character varying(50) NOT NULL,
    star_id integer NOT NULL,
    planet_types_id integer NOT NULL,
    has_life boolean NOT NULL
);


ALTER TABLE public.planet OWNER TO freecodecamp;

--
-- Name: planet_planet_id_seq; Type: SEQUENCE; Schema: public; Owner: freecodecamp
--

CREATE SEQUENCE public.planet_planet_id_seq
    AS integer
    START WITH 1
    INCREMENT BY 1
    NO MINVALUE
    NO MAXVALUE
    CACHE 1;


ALTER TABLE public.planet_planet_id_seq OWNER TO freecodecamp;

--
-- Name: planet_planet_id_seq; Type: SEQUENCE OWNED BY; Schema: public; Owner: freecodecamp
--

ALTER SEQUENCE public.planet_planet_id_seq OWNED BY public.planet.planet_id;


--
-- Name: planet_types; Type: TABLE; Schema: public; Owner: freecodecamp
--

CREATE TABLE public.planet_types (
    planet_types_id integer NOT NULL,
    name character varying(50) NOT NULL,
    description text
);


ALTER TABLE public.planet_types OWNER TO freecodecamp;

--
-- Name: planet_types_planet_type_id_seq; Type: SEQUENCE; Schema: public; Owner: freecodecamp
--

CREATE SEQUENCE public.planet_types_planet_type_id_seq
    AS integer
    START WITH 1
    INCREMENT BY 1
    NO MINVALUE
    NO MAXVALUE
    CACHE 1;


ALTER TABLE public.planet_types_planet_type_id_seq OWNER TO freecodecamp;

--
-- Name: planet_types_planet_type_id_seq; Type: SEQUENCE OWNED BY; Schema: public; Owner: freecodecamp
--

ALTER SEQUENCE public.planet_types_planet_type_id_seq OWNED BY public.planet_types.planet_types_id;


--
-- Name: star; Type: TABLE; Schema: public; Owner: freecodecamp
--

CREATE TABLE public.star (
    star_id integer NOT NULL,
    name character varying(50) NOT NULL,
    description text,
    is_spherical boolean NOT NULL,
    age_in_millions_of_years integer,
    galaxy_id integer NOT NULL
);


ALTER TABLE public.star OWNER TO freecodecamp;

--
-- Name: star_star_id_seq; Type: SEQUENCE; Schema: public; Owner: freecodecamp
--

CREATE SEQUENCE public.star_star_id_seq
    AS integer
    START WITH 1
    INCREMENT BY 1
    NO MINVALUE
    NO MAXVALUE
    CACHE 1;


ALTER TABLE public.star_star_id_seq OWNER TO freecodecamp;

--
-- Name: star_star_id_seq; Type: SEQUENCE OWNED BY; Schema: public; Owner: freecodecamp
--

ALTER SEQUENCE public.star_star_id_seq OWNED BY public.star.star_id;


--
-- Name: galaxy galaxy_id; Type: DEFAULT; Schema: public; Owner: freecodecamp
--

ALTER TABLE ONLY public.galaxy ALTER COLUMN galaxy_id SET DEFAULT nextval('public.galaxy_galaxy_id_seq'::regclass);


--
-- Name: galaxy_types galaxy_types_id; Type: DEFAULT; Schema: public; Owner: freecodecamp
--

ALTER TABLE ONLY public.galaxy_types ALTER COLUMN galaxy_types_id SET DEFAULT nextval('public.galaxy_types_galaxy_type_id_seq'::regclass);


--
-- Name: moon moon_id; Type: DEFAULT; Schema: public; Owner: freecodecamp
--

ALTER TABLE ONLY public.moon ALTER COLUMN moon_id SET DEFAULT nextval('public.moon_moon_id_seq'::regclass);


--
-- Name: planet planet_id; Type: DEFAULT; Schema: public; Owner: freecodecamp
--

ALTER TABLE ONLY public.planet ALTER COLUMN planet_id SET DEFAULT nextval('public.planet_planet_id_seq'::regclass);


--
-- Name: planet_types planet_types_id; Type: DEFAULT; Schema: public; Owner: freecodecamp
--

ALTER TABLE ONLY public.planet_types ALTER COLUMN planet_types_id SET DEFAULT nextval('public.planet_types_planet_type_id_seq'::regclass);


--
-- Name: star star_id; Type: DEFAULT; Schema: public; Owner: freecodecamp
--

ALTER TABLE ONLY public.star ALTER COLUMN star_id SET DEFAULT nextval('public.star_star_id_seq'::regclass);


--
-- Data for Name: galaxy; Type: TABLE DATA; Schema: public; Owner: freecodecamp
--

INSERT INTO public.galaxy VALUES (3, 'Milky Way', 'Where we are!', 1, false, 10000);
INSERT INTO public.galaxy VALUES (4, 'Andromeda', 'Spiral galaxy near to us', 1, false, 11000);
INSERT INTO public.galaxy VALUES (5, 'Sombrero', 'Has a bright nucleus', 3, false, 9800);
INSERT INTO public.galaxy VALUES (6, 'Pinwheel', 'Has a spiral form', 2, false, 10500);
INSERT INTO public.galaxy VALUES (7, 'Triangulum', 'Is part of the same galaxy group as the Milky way', 1, false, 13000);
INSERT INTO public.galaxy VALUES (8, 'Whirlpool', 'Has a classical spiral arms form', 3, false, 9500);


--
-- Data for Name: galaxy_types; Type: TABLE DATA; Schema: public; Owner: freecodecamp
--

INSERT INTO public.galaxy_types VALUES (1, 'Terrestrial', NULL);
INSERT INTO public.galaxy_types VALUES (2, 'Gas Giant', NULL);
INSERT INTO public.galaxy_types VALUES (3, 'Ice Giant', NULL);


--
-- Data for Name: moon; Type: TABLE DATA; Schema: public; Owner: freecodecamp
--

INSERT INTO public.moon VALUES (1, 'Moon', 4500, 1, 0.384);
INSERT INTO public.moon VALUES (2, 'Phobos', 4600, 3, 0.009);
INSERT INTO public.moon VALUES (3, 'Deimos', 4600, 3, 0.023);
INSERT INTO public.moon VALUES (4, 'Io', 4500, 5, 0.422);
INSERT INTO public.moon VALUES (5, 'Europa', 4500, 5, 0.671);
INSERT INTO public.moon VALUES (6, 'Ganymede', 4500, 5, 1.070);
INSERT INTO public.moon VALUES (7, 'Callisto', 4500, 5, 1.882);
INSERT INTO public.moon VALUES (8, 'Titan', 4500, 6, 1.222);
INSERT INTO public.moon VALUES (9, 'Rhea', 4500, 6, 0.527);
INSERT INTO public.moon VALUES (10, 'Iapetus', 4500, 6, 3.561);
INSERT INTO public.moon VALUES (11, 'Miranda', 4500, 7, 0.130);
INSERT INTO public.moon VALUES (12, 'Ariel', 4500, 7, 0.266);
INSERT INTO public.moon VALUES (13, 'Umbriel', 4500, 7, 0.191);
INSERT INTO public.moon VALUES (14, 'Titania', 4500, 7, 0.436);
INSERT INTO public.moon VALUES (15, 'Oberon', 4500, 7, 0.583);
INSERT INTO public.moon VALUES (16, 'Triton', 4500, 7, 0.354);
INSERT INTO public.moon VALUES (17, 'Nereid', 4500, 7, 5.513);
INSERT INTO public.moon VALUES (18, 'Charon', 4500, 9, 0.0196);
INSERT INTO public.moon VALUES (19, 'Styx', 4500, 9, 0.043);
INSERT INTO public.moon VALUES (20, 'Nix', 4500, 9, 0.049);


--
-- Data for Name: planet; Type: TABLE DATA; Schema: public; Owner: freecodecamp
--

INSERT INTO public.planet VALUES (1, 'Earth', 11, 1, true);
INSERT INTO public.planet VALUES (2, 'Mercury', 11, 1, false);
INSERT INTO public.planet VALUES (3, 'Mars', 11, 1, false);
INSERT INTO public.planet VALUES (4, 'Venus', 11, 1, false);
INSERT INTO public.planet VALUES (5, 'Jupirter', 11, 2, false);
INSERT INTO public.planet VALUES (6, 'Saturn', 11, 2, false);
INSERT INTO public.planet VALUES (7, 'Uranus', 11, 3, false);
INSERT INTO public.planet VALUES (8, 'Neptune', 11, 3, false);
INSERT INTO public.planet VALUES (9, 'Pluto', 11, 3, false);
INSERT INTO public.planet VALUES (10, 'Kepler-22', 16, 1, false);
INSERT INTO public.planet VALUES (11, 'Proxima', 14, 1, false);
INSERT INTO public.planet VALUES (12, 'Gliese', 13, 1, false);


--
-- Data for Name: planet_types; Type: TABLE DATA; Schema: public; Owner: freecodecamp
--

INSERT INTO public.planet_types VALUES (1, 'Terrestrial', NULL);
INSERT INTO public.planet_types VALUES (2, 'Gas Giant', NULL);
INSERT INTO public.planet_types VALUES (3, 'Ice Giant', NULL);


--
-- Data for Name: star; Type: TABLE DATA; Schema: public; Owner: freecodecamp
--

INSERT INTO public.star VALUES (11, 'Sun', 'Our sun', true, 4600, 3);
INSERT INTO public.star VALUES (12, 'Sirius', 'The brightest star in the night sky!', true, 242, 3);
INSERT INTO public.star VALUES (13, 'Vega', 'The fifth brightest star', true, 455, 7);
INSERT INTO public.star VALUES (14, 'Proxima Centauri', 'Red dwarf', true, 4500, 3);
INSERT INTO public.star VALUES (15, 'Alpha Centauri', 'Closest star to our solar system', true, 5400, 3);
INSERT INTO public.star VALUES (16, 'Betelguese', 'A red supergiant', true, 8000, 4);


--
-- Name: galaxy_galaxy_id_seq; Type: SEQUENCE SET; Schema: public; Owner: freecodecamp
--

SELECT pg_catalog.setval('public.galaxy_galaxy_id_seq', 8, true);


--
-- Name: galaxy_types_galaxy_type_id_seq; Type: SEQUENCE SET; Schema: public; Owner: freecodecamp
--

SELECT pg_catalog.setval('public.galaxy_types_galaxy_type_id_seq', 3, true);


--
-- Name: moon_moon_id_seq; Type: SEQUENCE SET; Schema: public; Owner: freecodecamp
--

SELECT pg_catalog.setval('public.moon_moon_id_seq', 20, true);


--
-- Name: planet_planet_id_seq; Type: SEQUENCE SET; Schema: public; Owner: freecodecamp
--

SELECT pg_catalog.setval('public.planet_planet_id_seq', 12, true);


--
-- Name: planet_types_planet_type_id_seq; Type: SEQUENCE SET; Schema: public; Owner: freecodecamp
--

SELECT pg_catalog.setval('public.planet_types_planet_type_id_seq', 3, true);


--
-- Name: star_star_id_seq; Type: SEQUENCE SET; Schema: public; Owner: freecodecamp
--

SELECT pg_catalog.setval('public.star_star_id_seq', 16, true);


--
-- Name: galaxy galaxy_name_key; Type: CONSTRAINT; Schema: public; Owner: freecodecamp
--

ALTER TABLE ONLY public.galaxy
    ADD CONSTRAINT galaxy_name_key UNIQUE (name);


--
-- Name: galaxy galaxy_pkey; Type: CONSTRAINT; Schema: public; Owner: freecodecamp
--

ALTER TABLE ONLY public.galaxy
    ADD CONSTRAINT galaxy_pkey PRIMARY KEY (galaxy_id);


--
-- Name: galaxy_types galaxy_types_pkey; Type: CONSTRAINT; Schema: public; Owner: freecodecamp
--

ALTER TABLE ONLY public.galaxy_types
    ADD CONSTRAINT galaxy_types_pkey PRIMARY KEY (galaxy_types_id);


--
-- Name: galaxy_types galaxy_types_type_key; Type: CONSTRAINT; Schema: public; Owner: freecodecamp
--

ALTER TABLE ONLY public.galaxy_types
    ADD CONSTRAINT galaxy_types_type_key UNIQUE (name);


--
-- Name: moon moon_name_key; Type: CONSTRAINT; Schema: public; Owner: freecodecamp
--

ALTER TABLE ONLY public.moon
    ADD CONSTRAINT moon_name_key UNIQUE (name);


--
-- Name: moon moon_pkey; Type: CONSTRAINT; Schema: public; Owner: freecodecamp
--

ALTER TABLE ONLY public.moon
    ADD CONSTRAINT moon_pkey PRIMARY KEY (moon_id);


--
-- Name: planet planet_name_key; Type: CONSTRAINT; Schema: public; Owner: freecodecamp
--

ALTER TABLE ONLY public.planet
    ADD CONSTRAINT planet_name_key UNIQUE (name);


--
-- Name: planet planet_pkey; Type: CONSTRAINT; Schema: public; Owner: freecodecamp
--

ALTER TABLE ONLY public.planet
    ADD CONSTRAINT planet_pkey PRIMARY KEY (planet_id);


--
-- Name: planet_types planet_types_pkey; Type: CONSTRAINT; Schema: public; Owner: freecodecamp
--

ALTER TABLE ONLY public.planet_types
    ADD CONSTRAINT planet_types_pkey PRIMARY KEY (planet_types_id);


--
-- Name: planet_types planet_types_type_key; Type: CONSTRAINT; Schema: public; Owner: freecodecamp
--

ALTER TABLE ONLY public.planet_types
    ADD CONSTRAINT planet_types_type_key UNIQUE (name);


--
-- Name: star star_name_key; Type: CONSTRAINT; Schema: public; Owner: freecodecamp
--

ALTER TABLE ONLY public.star
    ADD CONSTRAINT star_name_key UNIQUE (name);


--
-- Name: star star_pkey; Type: CONSTRAINT; Schema: public; Owner: freecodecamp
--

ALTER TABLE ONLY public.star
    ADD CONSTRAINT star_pkey PRIMARY KEY (star_id);


--
-- Name: galaxy galaxy_galaxy_types_id_fkey; Type: FK CONSTRAINT; Schema: public; Owner: freecodecamp
--

ALTER TABLE ONLY public.galaxy
    ADD CONSTRAINT galaxy_galaxy_types_id_fkey FOREIGN KEY (galaxy_types_id) REFERENCES public.galaxy_types(galaxy_types_id);


--
-- Name: moon moon_planet_id_fkey; Type: FK CONSTRAINT; Schema: public; Owner: freecodecamp
--

ALTER TABLE ONLY public.moon
    ADD CONSTRAINT moon_planet_id_fkey FOREIGN KEY (planet_id) REFERENCES public.planet(planet_id);


--
-- Name: planet planet_planet_types_id_fkey; Type: FK CONSTRAINT; Schema: public; Owner: freecodecamp
--

ALTER TABLE ONLY public.planet
    ADD CONSTRAINT planet_planet_types_id_fkey FOREIGN KEY (planet_types_id) REFERENCES public.planet_types(planet_types_id);


--
-- Name: planet planet_star_id_fkey; Type: FK CONSTRAINT; Schema: public; Owner: freecodecamp
--

ALTER TABLE ONLY public.planet
    ADD CONSTRAINT planet_star_id_fkey FOREIGN KEY (star_id) REFERENCES public.star(star_id);


--
-- Name: star star_galaxy_id_fkey; Type: FK CONSTRAINT; Schema: public; Owner: freecodecamp
--

ALTER TABLE ONLY public.star
    ADD CONSTRAINT star_galaxy_id_fkey FOREIGN KEY (galaxy_id) REFERENCES public.galaxy(galaxy_id);


--
-- PostgreSQL database dump complete
--

